seed,method,t_mae,psnr,ssim
0,identity,nan,11.191872547122214,0.6627288438029956
0,none,0.021532778972360056,30.026741480484652,0.9379791107311977
0,guided,0.04233121882147624,25.180034097425498,0.9228279513878789
0,soft_matting,0.021541095462509395,29.262875242827224,0.9367949643767816
1,identity,nan,11.163644376421079,0.6580351935154322
1,none,0.02106357593938353,29.725208782211926,0.9310010200049785
1,guided,0.04064873636969322,25.32344717555067,0.9154685984712857
1,soft_matting,0.021018237571932556,29.15777890086014,0.9311524909134336
2,identity,nan,11.05870454229122,0.658534703398763
2,none,0.01948373804169926,30.055843398320313,0.9346861629451078
2,guided,0.04319708409784212,24.938082060148293,0.9154618125185859
2,soft_matting,0.019826256424350486,29.15716245605362,0.9331741438775221
3,identity,nan,11.082829784998928,0.658423248612731
3,none,0.020912087771975733,30.018989911359164,0.9362156556234216
3,guided,0.0434612524139998,24.906493387004183,0.9169348311920511
3,soft_matting,0.02097062251527557,29.261785665857957,0.9361331709712145
4,identity,nan,11.173288487711785,0.6617353126458332
4,none,0.02174551978453319,30.101478081657213,0.9326284787360666
4,guided,0.043916339029457886,24.656663039078186,0.9153888179682819
4,soft_matting,0.0217681131777214,29.199328062361374,0.931706324466579
5,identity,nan,11.103149042309022,0.6572102102808953
5,none,0.02003543235142859,29.8661288681854,0.9317083829133015
5,guided,0.04026679574420251,25.01277630166552,0.9143710250391506
5,soft_matting,0.020256669605922335,29.022556472528255,0.9304892067164194
6,identity,nan,11.09330871268587,0.6664182151057153
6,none,0.020804172489001918,30.053953876513102,0.9392574607003833
6,guided,0.04631434497288248,24.7166488536854,0.9186681920519373
6,soft_matting,0.020963613101140553,29.230453416097056,0.9388603535877204
7,identity,nan,11.169076039279409,0.6650055328600508
7,none,0.020734995852502068,30.034554723777944,0.9470296183609441
7,guided,0.04149888452075276,25.017707022428844,0.9276004836155234
7,soft_matting,0.020483313398791718,29.539254414300142,0.9466660991882436
8,identity,nan,11.117358620606112,0.6586625116924809
8,none,0.02103791653667814,29.938545095614234,0.9393880083815371
8,guided,0.0457507146230423,24.616190667048276,0.9160020032969829
8,soft_matting,0.02126356054931533,28.94423370987497,0.9389381269822585
9,identity,nan,11.087148552745063,0.6580859518855702
9,none,0.020342407671904046,30.03558019349552,0.9371971884637903
9,guided,0.04329772893747449,24.595872816461632,0.9188930240947718
9,soft_matting,0.020456685834805657,29.18002502665623,0.9353067633637433
10,identity,nan,11.168721369309297,0.6624232269863056
10,none,0.02140954135519671,30.005886662872747,0.9370006682605235
10,guided,0.040910131406105,25.120748703582247,0.925797553919316
10,soft_matting,0.02126782657125048,29.261745645786363,0.9362160919591326
11,identity,nan,11.221125744530692,0.6703221262234448
11,none,0.020795819572657557,30.089034838432166,0.9450718824279266
11,guided,0.04487244985210228,25.06507438960454,0.9225049960483088
11,soft_matting,0.020750872821384322,29.401647884478464,0.9454075908161991
12,identity,nan,11.140761772926664,0.659604396760394
12,none,0.02103641592495315,29.9275925111707,0.9402453784000743
12,guided,0.04410328444386239,24.95578867397053,0.9237097255282205
12,soft_matting,0.020994132824520218,29.320970953277467,0.938046842135852
13,identity,nan,10.980613333353404,0.6541643380741662
13,none,0.020582144980253018,29.994843862461245,0.9335266918339022
13,guided,0.04134998310722671,24.80520292315735,0.9140790030640212
13,soft_matting,0.02070280361764146,29.000776723991013,0.931602902830128
14,identity,nan,11.213268299482424,0.6699656227864749
14,none,0.022298866294611343,29.921749523702914,0.9400955495730781
14,guided,0.044790132202273285,24.590001287761734,0.9202118828627156
14,soft_matting,0.02265429688312667,28.956486507722413,0.9384295474698864
15,identity,nan,11.078244342624737,0.6603872239183539
15,none,0.020760151811268654,30.031056842714566,0.9377259395347136
15,guided,0.04255374948081531,25.07418223010863,0.9157315993391743
15,soft_matting,0.021063417399514704,29.32711931087773,0.9376920025837956
16,identity,nan,11.220101858572313,0.6652411898488289
16,none,0.021579702676043425,30.063785883394914,0.9364479329240992
16,guided,0.04404214081142751,25.151428571263917,0.9215024001857502
16,soft_matting,0.021345423709924906,29.399119832761418,0.9372587650486086
17,identity,nan,11.101990464939043,0.6584548129238025
17,none,0.020714153829877374,29.773465971592557,0.9331788653630002
17,guided,0.04176915742793674,24.872279714796996,0.9188928223248852
17,soft_matting,0.02111363082482565,28.84459158790836,0.9327850171292753
18,identity,nan,11.125367911911038,0.6591232118633126
18,none,0.01921450019945779,30.02183178317193,0.9320512515230752
18,guided,0.04267473687094855,24.90138800362204,0.9179923665423241
18,soft_matting,0.019712405997520038,29.241253490304043,0.9300673313444642
19,identity,nan,11.115152284126076,0.666031783621735
19,none,0.02106720121716142,29.882004107234778,0.9428480256118206
19,guided,0.04296025602011251,24.9727058805256,0.9265896077158414
19,soft_matting,0.0213366922633209,28.970127843035137,0.9426897579862485
