image,method,psnr,ssim,time_s
0029_0.85_0.08.jpg,identity,18.185894318471473,0.89184785677245,0.0
0029_0.85_0.08.jpg,guided,14.10830265877058,0.8266809352458419,0.24096100000315346
0029_0.85_0.08.jpg,soft_matting,13.956209283054989,0.8184211493518391,58.60827739999513
0065_0.9_0.12.jpg,identity,14.253859811960918,0.7761478501989394,0.0
0065_0.9_0.12.jpg,guided,19.637704511683072,0.8959527759135857,0.22965819999808446
0065_0.9_0.12.jpg,soft_matting,19.48184167489918,0.8835597001226473,56.84924549999414
0089_0.9_0.2.jpg,identity,13.122650120406757,0.7903756398667828,0.0
0089_0.9_0.2.jpg,guided,14.88561694274652,0.8585823020564783,0.5304058000037912
0089_0.9_0.2.jpg,soft_matting,14.920802061935124,0.8559075081886933,56.70950890000677
0134_0.95_0.16.jpg,identity,13.098994239693537,0.7389150162540764,0.0
0134_0.95_0.16.jpg,guided,17.105745712080044,0.8895722298805334,0.14856840000720695
0134_0.95_0.16.jpg,soft_matting,17.117995817487095,0.8807779918570623,38.940521699987585
0153_0.8_0.08.jpg,identity,20.979794651066868,0.8881724125008912,0.0
0153_0.8_0.08.jpg,guided,12.319548530032788,0.7723060549128861,0.12731910002185032
0153_0.8_0.08.jpg,soft_matting,12.381233955047502,0.7668077655058619,38.7052330999868
0158_0.8_0.2.jpg,identity,10.623193441809601,0.6153185347733807,0.0
0158_0.8_0.2.jpg,guided,18.361877105733807,0.8932706289595422,0.1291763000190258
0158_0.8_0.2.jpg,soft_matting,18.47788750525745,0.869509212161268,42.852713900007075
0171_0.85_0.12.jpg,identity,15.098941016349066,0.7212964750824413,0.0
0171_0.85_0.12.jpg,guided,31.754431647936503,0.9846603168011192,0.18639919999986887
0171_0.85_0.12.jpg,soft_matting,31.86831034318711,0.9839127329948907,32.55116010000347
0184_0.95_0.12.jpg,identity,17.022226596836123,0.9037666200002179,0.0
0184_0.95_0.12.jpg,guided,21.6420466204291,0.9532070188374091,0.1688727000146173
0184_0.95_0.12.jpg,soft_matting,21.139432653960274,0.9523483487128015,38.34386550000636
0219_0.85_0.08.jpg,identity,20.932380878442505,0.9431035880073064,0.0
0219_0.85_0.08.jpg,guided,14.472708365449131,0.8418590753835042,0.22352189998491667
0219_0.85_0.08.jpg,soft_matting,14.393579301971444,0.8464598419634288,49.154930999997305
0242_0.8_0.12.jpg,identity,16.16793558524076,0.8387941161771367,0.0
0242_0.8_0.12.jpg,guided,15.702100279449756,0.8572473550517273,0.15310709999175742
0242_0.8_0.12.jpg,soft_matting,15.810723262209873,0.853771513136763,39.22745489998488
0255_0.85_0.08.jpg,identity,20.06062728100568,0.8731083068442921,0.0
0255_0.85_0.08.jpg,guided,16.527027023089424,0.9060808573504969,0.17821260000346228
0255_0.85_0.08.jpg,soft_matting,16.376113842104743,0.8990337329521451,41.52100639999844
0264_0.95_0.2.jpg,identity,14.5053757992425,0.8660946647687491,0.0
0264_0.95_0.2.jpg,guided,17.370513567060566,0.8525819622565189,0.2022354000073392
0264_0.95_0.2.jpg,soft_matting,17.45039975461804,0.8571352593830761,46.04476029999205
0296_0.95_0.12.jpg,identity,13.63915769574695,0.8137050520907301,0.0
0296_0.95_0.12.jpg,guided,18.648753333174124,0.8798335189119353,0.1119409000093583
0296_0.95_0.12.jpg,soft_matting,18.722048690949904,0.8675670349942992,38.16341330000432
0300_1_0.2.jpg,identity,12.7064412517968,0.8353165429421185,0.0
0300_1_0.2.jpg,guided,13.833158662565756,0.820643436181424,0.11509639999712817
0300_1_0.2.jpg,soft_matting,13.867442058366816,0.8214578198012273,39.00843449999229
0312_0.8_0.12.jpg,identity,19.546427830024218,0.9149792976249003,0.0
0312_0.8_0.12.jpg,guided,18.57888887263644,0.9128803054583499,0.11914949998026714
0312_0.8_0.12.jpg,soft_matting,18.67535675234858,0.9107187257402567,38.193671000015456
0315_0.85_0.16.jpg,identity,20.08509892418829,0.9404015598583737,0.0
0315_0.85_0.16.jpg,guided,11.59349208807588,0.7785348738034359,0.22408839999116026
0315_0.85_0.16.jpg,soft_matting,11.735442579153704,0.7835761688573135,51.89977840002393
0356_0.85_0.08.jpg,identity,18.679360084221706,0.8784003623211408,0.0
0356_0.85_0.08.jpg,guided,18.45823974255549,0.8591912396139602,0.14652249999926426
0356_0.85_0.08.jpg,soft_matting,18.165430427029587,0.852911879667681,31.841886399983196
0391_1_0.08.jpg,identity,18.772293561190445,0.8982784054817917,0.0
0391_1_0.08.jpg,guided,14.545040813830902,0.8692384586534034,0.11341320001520216
0391_1_0.08.jpg,soft_matting,14.401904201648295,0.8655731231898254,25.466590600000927
1753_0.9_0.08.jpg,identity,16.345971797618155,0.8609091374487169,0.0
1753_0.9_0.08.jpg,guided,16.75779706071486,0.8528472285468935,0.09027320001041517
1753_0.9_0.08.jpg,soft_matting,16.856639171853747,0.8387279452160579,23.96564959999523
1757_0.85_0.16.jpg,identity,15.88402455953487,0.8196510222358361,0.0
1757_0.85_0.16.jpg,guided,17.068777834135325,0.9069351574041329,0.1295486000017263
1757_0.85_0.16.jpg,soft_matting,17.009250986275486,0.9014034059847537,24.25497949999408
1815_1_0.2.jpg,identity,11.737343472396226,0.7240755401965723,0.0
1815_1_0.2.jpg,guided,18.69674368064088,0.8634697843724428,0.06809909999719821
1815_1_0.2.jpg,soft_matting,18.375941404188005,0.8599610217746,19.55610109999543
1832_0.95_0.08.jpg,identity,16.91964837258617,0.7846664861543339,0.0
1832_0.95_0.08.jpg,guided,15.379250118424784,0.8764464099092996,0.088444699998945
1832_0.95_0.08.jpg,soft_matting,15.476501289843974,0.8672605064076935,25.59953909998876
1858_0.95_0.08.jpg,identity,16.56881588861733,0.8183829541502878,0.0
1858_0.95_0.08.jpg,guided,18.544440204680793,0.878675190376124,0.17432810002355836
1858_0.95_0.08.jpg,soft_matting,19.00871940094182,0.8763988815412063,29.71026880000136
1869_1_0.2.jpg,identity,13.895164958068293,0.8375309531144669,0.0
1869_1_0.2.jpg,guided,26.364525469729514,0.983328656303886,0.12606560002313927
1869_1_0.2.jpg,soft_matting,25.90709983545803,0.9803534200101971,26.185590299981413
1909_0.85_0.2.jpg,identity,13.167347690569963,0.7555164126606178,0.0
1909_0.85_0.2.jpg,guided,13.159451188167235,0.811095433744504,0.17307759998948313
1909_0.85_0.2.jpg,soft_matting,13.248203962632177,0.8078865737698515,32.01695250000921
1913_0.95_0.08.jpg,identity,16.550480133857196,0.8382917255448427,0.0
1913_0.95_0.08.jpg,guided,20.480687116619283,0.932898539985361,0.0915186999773141
1913_0.95_0.08.jpg,soft_matting,20.331354615092533,0.9269336054155468,25.022766700014472
1926_0.9_0.16.jpg,identity,15.134154796903578,0.8513996699966085,0.0
1926_0.9_0.16.jpg,guided,16.94312652157506,0.8772365790558311,0.10659430001396686
1926_0.9_0.16.jpg,soft_matting,16.942657639513147,0.8822734839055215,24.29028929999913
1933_0.8_0.2.jpg,identity,15.410228918013713,0.8103072029619155,0.0
1933_0.8_0.2.jpg,guided,14.172979394193511,0.8544825207376584,0.11907909999717958
1933_0.8_0.2.jpg,soft_matting,14.213107593454781,0.8470069891796138,34.0683510999952
1977_0.8_0.08.jpg,identity,17.644604926449155,0.839500298071462,0.0
1977_0.8_0.08.jpg,guided,12.903224901660746,0.8251158089600371,0.10552179999649525
1977_0.8_0.08.jpg,soft_matting,12.846743618494258,0.8184936528195753,25.179579899995588
1981_0.8_0.2.jpg,identity,17.80991499545035,0.8456131459582006,0.0
1981_0.8_0.2.jpg,guided,13.530896377643034,0.8512318096945832,0.09114460001001135
1981_0.8_0.2.jpg,soft_matting,13.602682357870737,0.8508714148198262,23.963666499999817
